﻿<?xml version="1.0" encoding="utf-8"?>
<Package xmlns="http://schemas.microsoft.com/appx/manifest/foundation/windows10" xmlns:mp="http://schemas.microsoft.com/appx/2014/phone/manifest" xmlns:uap="http://schemas.microsoft.com/appx/manifest/uap/windows10" xmlns:build="http://schemas.microsoft.com/developer/appx/2015/build" IgnorableNamespaces="uap mp build"> 
	<Identity Name="SensoryAppHouse.Plazma" Publisher="CN=97E7A06A-17DC-42DE-A04E-97EAF63A54B2" Version="1.0.0.0" ProcessorArchitecture="neutral"/> 
	<mp:PhoneIdentity PhoneProductId="f72e5fca-29b9-804b-6fc9-e94591b781c4" PhonePublisherId="00000000-0000-0000-0000-000000000000"/> 

	<build:Metadata>
		<build:Item Name="GenerationTool" Version="pwabuilder-api"/>
		<build:Item Name="GenerationToolVersion" Version="2.0.1-rc.0"/>
    <build:Item Name="PlatformId" Value="windows10"/>
    <build:Item Name="PlatformPackage" Value="pwabuilder-windows10"/>
    <build:Item Name="PlatformVersion" Version="2.0.4-rc.6"/>
		<build:Item Name="GeneratedFrom" Value="Website Wizard"/>
		<build:Item Name="GenerationDate" Value="2020-07-05 21:54:17 Z"/>
		<build:Item Name="GeneratedURL" Value="https://www.sensoryapphouse.com/plazma-pwa-xbox/manifest.json"/>
	</build:Metadata>

	<Properties> 
		<DisplayName>Plazma</DisplayName> 
    <PublisherDisplayName>Sensory App House</PublisherDisplayName>
    <Logo>images\StoreLogo.png</Logo> 
	</Properties> 

	<Dependencies> 
		<TargetDeviceFamily Name="Windows.Universal" MinVersion="10.0.10586.0" MaxVersionTested="10.0.16299.0"/> 
	</Dependencies> 

	<Resources>
	<Resource Language="en-us"/> 
	 </Resources> 

	<Applications> 
		<Application Id="Plazma" StartPage="https://www.sensoryapphouse.com/plazma-pwa-xbox/index.html"> 
			<uap:VisualElements DisplayName="Plazma" Square150x150Logo="images\Square150x150Logo.png" Square44x44Logo="images\Square44x44Logo.png" Description="Plazma" BackgroundColor="blue"> 
        
				<uap:SplashScreen Image="images\SplashScreen.png"/> 
				 
				<uap:InitialRotationPreference> 
					<uap:Rotation Preference="portrait"/> 
				</uap:InitialRotationPreference> 
			</uap:VisualElements> 
			<uap:ApplicationContentUriRules>
				<uap:Rule Type="include" WindowsRuntimeAccess="none" Match="http://*"/>
				<uap:Rule Type="include" WindowsRuntimeAccess="none" Match="https://*"/>
				
				<uap:Rule Type="include" WindowsRuntimeAccess="all" Match="https://www.sensoryapphouse.com/"/>
			</uap:ApplicationContentUriRules>
		</Application> 
	</Applications> 

	<Capabilities>
		<Capability Name="internetClient"/>
		
	</Capabilities>

</Package>